global_round,task_pos,round_in_task,client_id,task_id,block,eps_trained,eps_aggr,eps_global,cknna_trained,cknna_aggr,cknna_global
1,0,0,2,0,4,8.579247,179.463379,3.343137,0.089703,0.058238,0.09611
1,0,0,0,0,4,3.60558,8.920589,3.590567,0.108856,0.17861,0.125749
1,0,0,1,1,4,2.900756,16.600405,3.66847,0.218599,0.077509,0.089619
1,0,0,3,1,4,0.000226,0.00309,0.001146,0.407237,0.159211,0.169737
1,0,0,4,0,4,3.442647,1243.132568,1.2392,0.177946,0.093656,0.156495
2,0,1,0,0,4,2.743016,1.618605,2.930132,0.163215,0.342916,0.255722
2,0,1,2,0,4,2.02873,84.236839,5.70397,0.262815,0.145995,0.188558
2,0,1,1,1,4,0.308009,9.247138,5.400136,0.678979,0.199135,0.207439
2,0,1,4,0,4,0.578066,18.850891,1.24004,0.232628,0.24139,0.321148
2,0,1,3,1,4,0.000449,0.005445,0.002599,0.627632,0.293421,0.326316
3,0,2,1,1,4,0.205208,9.958174,4.743137,0.767215,0.209775,0.199654
3,0,2,3,1,4,0.000183,0.030282,0.019085,0.838158,0.257895,0.280263
3,0,2,4,0,4,0.230516,2.076636,0.523083,0.494562,0.330514,0.336858
3,0,2,0,0,4,0.41366,0.9919,0.982728,0.198093,0.330245,0.257221
3,0,2,2,0,4,40.076641,135.448105,14.846997,0.124371,0.136613,0.193249
4,0,3,3,1,4,0.001668,1.196938,0.939609,0.873026,0.218421,0.219737
4,0,3,1,1,4,0.489779,61.80304,58.653519,0.835467,0.141176,0.139965
4,0,3,2,0,4,25.579554,293.211243,140.540726,0.35,0.097597,0.131922
4,0,3,4,0,4,1.88985,4.742841,15.591787,0.330816,0.217221,0.284894
4,0,3,0,0,4,42.443493,2.134085,7.073338,0.137738,0.397956,0.219346
5,0,4,4,0,4,4.645839,1.548682,6.839608,0.474622,0.277341,0.297281
5,0,4,2,0,4,117.201431,6.376185,57.926216,0.076316,0.0873,0.152517
5,0,4,3,1,4,0.198398,0.389777,0.242075,0.819737,0.304605,0.306579
5,0,4,1,1,4,3.730979,43.936996,43.159405,0.710986,0.235294,0.21782
5,0,4,0,0,4,11.271127,4.491832,5.846691,0.161989,0.30654,0.281744
6,0,5,2,0,4,52.315254,194.469086,64.335007,0.229062,0.115789,0.131579
6,0,5,3,1,4,0.031775,21.511274,16.144485,0.835526,0.202632,0.211842
6,0,5,4,0,4,18.283911,36.526035,18.277697,0.278248,0.148338,0.198792
6,0,5,1,1,4,1.127191,104.317062,87.370735,0.77699,0.094031,0.092907
6,0,5,0,0,4,12.474122,17.799637,4.878441,0.074659,0.179292,0.128747
7,0,6,2,0,4,24.968279,163.892197,38.357361,0.334783,0.163158,0.211327
7,0,6,4,0,4,0.280244,0.366478,0.853936,0.502417,0.279154,0.30423
7,0,6,1,1,4,0.19445,8.591992,7.920425,0.808737,0.231488,0.230277
7,0,6,3,1,4,0.021587,0.446677,0.280597,0.829605,0.346053,0.351316
7,0,6,0,0,4,24.804638,0.877084,1.885863,0.135014,0.312262,0.252452
8,0,7,3,1,4,0.031177,0.010642,0.003492,0.775,0.393421,0.4
8,0,7,1,1,4,0.375818,20.186571,9.367476,0.797837,0.232526,0.229498
8,0,7,4,0,4,10.040563,1.493467,0.570889,0.263444,0.213897,0.390332
8,0,7,2,0,4,27.235455,197.420441,51.777439,0.302632,0.183295,0.250915
8,0,7,0,0,4,4.8481,0.677164,1.383304,0.204496,0.472207,0.28515
9,0,8,0,0,4,3.376496,0.610467,1.638462,0.215804,0.359401,0.312125
9,0,8,4,0,4,0.874946,0.309117,0.483424,0.429909,0.401208,0.392145
9,0,8,2,0,4,14.60157,67.171204,23.438311,0.176316,0.113844,0.241076
9,0,8,1,1,4,0.427284,4.713705,4.842553,0.791869,0.282007,0.29801
9,0,8,3,1,4,0.029398,0.2829,0.192541,0.771711,0.439474,0.458553
10,0,9,4,0,4,3.479225,0.337788,1.62163,0.326284,0.267069,0.392145
10,0,9,2,0,4,94.977448,92.797325,60.319344,0.195195,0.170481,0.248627
10,0,9,3,1,4,0.146763,0.005638,0.005948,0.778947,0.408553,0.4375
10,0,9,1,1,4,7.167507,11.166644,7.263469,0.761159,0.247059,0.255277
10,0,9,0,0,4,2.293853,0.763106,1.205577,0.182289,0.372343,0.290599
11,0,10,1,1,4,0.318387,4.059807,2.109325,0.687543,0.229325,0.253547
11,0,10,4,0,4,1.085367,0.290175,0.532383,0.232931,0.284592,0.371299
11,0,10,2,0,4,52.573837,59.185478,10.631067,0.094622,0.107551,0.305721
11,0,10,3,1,4,0.000391,0.016885,0.007276,0.821711,0.486184,0.502632
11,0,10,0,0,4,1.108843,0.657229,0.560498,0.227248,0.305858,0.276158
12,0,11,0,0,4,1.275136,0.741297,0.551394,0.158311,0.337738,0.25327
12,0,11,1,1,4,0.176772,11.528754,6.062318,0.677249,0.21263,0.216176
12,0,11,4,0,4,1.435725,0.005844,0.007026,0.39577,0.255891,0.327795
12,0,11,2,0,4,79.850746,73.278114,51.836506,0.070938,0.08135,0.240961
12,0,11,3,1,4,0.001105,0.001318,0.000811,0.773684,0.406579,0.413816
13,0,12,1,1,4,0.289535,3.797925,2.804861,0.695415,0.195502,0.207266
13,0,12,3,1,4,4e-05,0.000342,0.000251,0.814474,0.4,0.415132
13,0,12,0,0,4,1.353453,0.827739,0.894295,0.14673,0.339646,0.256812
13,0,12,2,0,4,4.494544,47.822254,3.530499,0.235698,0.116705,0.219565
13,0,12,4,0,4,0.187057,0.372256,0.28039,0.296073,0.234139,0.333535
14,0,13,2,0,4,28.829466,240.13707,9.370234,0.075172,0.091648,0.279977
14,0,13,0,0,4,0.609482,1.405564,0.683279,0.228065,0.281744,0.279428
14,0,13,3,1,4,2e-05,4.9e-05,4.4e-05,0.819737,0.452632,0.469737
14,0,13,1,1,4,0.260016,1.834117,1.384939,0.639187,0.196107,0.226903
14,0,13,4,0,4,0.002731,0.367265,0.213296,0.259819,0.228097,0.379154
15,0,14,3,1,4,0.000156,0.01832,0.014719,0.794737,0.253289,0.265132
15,0,14,2,0,4,31.563572,60.243416,18.149332,0.081922,0.082037,0.095538
15,0,14,1,1,4,0.211532,10.59188,4.447242,0.672059,0.102076,0.108045
15,0,14,4,0,4,0.44196,1.399878,0.764024,0.325378,0.154985,0.197885
15,0,14,0,0,4,4.11394,0.671792,2.178021,0.097275,0.28515,0.140872
16,0,15,3,1,4,0.021796,0.136173,0.060075,0.764474,0.634868,0.696053
16,0,15,0,0,4,0.777484,1.294079,0.566548,0.208719,0.331199,0.345777
16,0,15,2,0,4,63.992573,255.667007,14.45691,0.09016,0.088673,0.404805
16,0,15,1,1,4,0.303231,5.956652,4.558861,0.591349,0.309256,0.342647
16,0,15,4,0,4,0.623076,0.435527,0.419445,0.314199,0.333837,0.487613
17,0,16,4,0,4,0.652777,0.902746,0.469182,0.331118,0.253776,0.422054
17,0,16,2,0,4,64.027908,122.422668,32.462433,0.158467,0.172426,0.326087
17,0,16,3,1,4,0.041695,0.167395,0.12563,0.751316,0.559868,0.579605
17,0,16,1,1,4,2.498455,2.915295,2.356879,0.586765,0.237976,0.263927
17,0,16,0,0,4,0.934533,0.980583,0.743955,0.149455,0.311853,0.312125
18,0,17,0,0,4,0.619703,1.929468,1.105324,0.229019,0.195913,0.211989
18,0,17,3,1,4,0.039117,0.138653,0.153703,0.783553,0.480921,0.525
18,0,17,2,0,4,155.759781,23.714251,40.536716,0.065446,0.079634,0.237414
18,0,17,4,0,4,0.857949,0.964041,0.58764,0.291239,0.246526,0.322357
18,0,17,1,1,4,2.733204,11.153842,10.220886,0.583737,0.193945,0.216263
19,0,18,0,0,4,0.845715,0.811245,0.507833,0.131471,0.337602,0.23079
19,0,18,1,1,4,0.342336,4.207404,3.795069,0.672578,0.225433,0.227336
19,0,18,4,0,4,0.378344,0.662329,0.287139,0.328701,0.286103,0.377643
19,0,18,2,0,4,31.284634,21.625366,19.84807,0.183982,0.202517,0.257208
19,0,18,3,1,4,0.035964,0.001851,0.00171,0.811184,0.486184,0.5
20,0,19,3,1,4,0.000653,0.002572,0.001559,0.794079,0.490132,0.494079
20,0,19,4,0,4,1.656132,1.035086,0.711046,0.193656,0.236254,0.398792
20,0,19,1,1,4,0.238401,4.91398,3.792217,0.566955,0.214533,0.221021
20,0,19,2,0,4,16.445814,50.327095,11.398972,0.194851,0.159954,0.283753
20,0,19,0,0,4,1.281325,0.844251,0.854228,0.176158,0.325204,0.234469
21,0,20,3,1,4,0.001234,0.003122,0.003034,0.778289,0.548684,0.580263
21,0,20,4,0,4,0.709296,0.432216,0.264335,0.340181,0.302719,0.498792
21,0,20,0,0,4,0.68406,0.374512,0.346039,0.197275,0.437602,0.338147
21,0,20,2,0,4,15.702209,60.061268,6.644224,0.188101,0.182609,0.489016
21,0,20,1,1,4,1.070768,1.443911,1.88473,0.584516,0.277855,0.295934
22,0,21,3,1,4,0.001467,0.116049,0.144634,0.755921,0.555263,0.547368
22,0,21,1,1,4,1.827618,6.365359,5.691512,0.525519,0.220934,0.250346
22,0,21,0,0,4,0.76135,0.742566,0.748859,0.202316,0.353542,0.240463
22,0,21,2,0,4,87.436035,92.070747,22.978861,0.076888,0.110297,0.291762
22,0,21,4,0,4,0.957322,0.600943,0.555683,0.255287,0.256798,0.385498
23,0,22,1,1,4,1.289747,17.994015,12.367489,0.556142,0.25519,0.266522
23,0,22,2,0,4,23.159573,123.601562,20.778244,0.169565,0.129634,0.321053
23,0,22,0,0,4,0.732755,0.863416,0.564524,0.155995,0.394278,0.252861
23,0,22,3,1,4,0.041668,0.136748,0.103694,0.751316,0.5,0.572368
23,0,22,4,0,4,0.589451,0.692349,0.622198,0.359819,0.338066,0.407251
24,0,23,3,1,4,0.027941,0.209857,0.175526,0.765789,0.468421,0.513158
24,0,23,1,1,4,2.712767,7.511781,7.329681,0.585554,0.208391,0.217128
24,0,23,2,0,4,118.177849,267.905396,48.83247,0.052746,0.085469,0.245538
24,0,23,0,0,4,0.932517,1.3852,1.049548,0.186376,0.242234,0.21594
24,0,23,4,0,4,0.896819,0.632772,0.79467,0.324169,0.269789,0.361631
25,0,24,0,0,4,0.925438,0.931888,0.725442,0.192643,0.404496,0.299319
25,0,24,1,1,4,1.766491,11.752504,7.950122,0.586419,0.250865,0.27474
25,0,24,2,0,4,37.215317,136.852585,19.445242,0.147368,0.166362,0.357666
25,0,24,3,1,4,0.038307,0.12158,0.101855,0.7875,0.559211,0.597368
25,0,24,4,0,4,0.713149,0.610082,0.596974,0.333535,0.311178,0.434139
26,1,0,4,2,4,1e-06,4e-06,4e-06,1.0,1.0,1.0
26,1,0,2,2,4,4.420455,5.836734,1.359358,0.169475,0.206838,0.244933
26,1,0,3,0,4,3e-06,6e-06,2e-06,0.925,0.925,1.0
26,1,0,1,0,4,0.000154,0.002916,0.003319,0.957143,0.677551,0.661224
26,1,0,0,2,4,9.249158,2.677716,0.72817,0.135405,0.23484,0.303955
27,1,1,2,2,4,7.101819,15.683928,3.386401,0.364957,0.157631,0.209402
27,1,1,4,2,4,6e-06,8e-06,7e-06,1.0,1.0,1.0
27,1,1,1,0,4,0.000589,0.002611,0.002467,0.963265,0.630612,0.632653
27,1,1,0,2,4,45.377953,2.279167,2.783428,0.089266,0.167985,0.256121
27,1,1,3,0,4,5e-06,4e-06,4e-06,0.958333,0.958333,1.0
28,1,2,3,0,4,3e-06,3e-06,3e-06,0.983333,0.983333,0.991667
28,1,2,4,2,4,2e-06,5e-06,5e-06,1.0,1.0,1.0
28,1,2,2,2,4,1.468786,31.26358,11.445992,0.330525,0.186935,0.206349
28,1,2,1,0,4,0.000202,0.00872,0.007553,0.936735,0.57551,0.595918
28,1,2,0,2,4,3.110513,5.330369,1.451572,0.256309,0.212994,0.270057
29,1,3,3,0,4,3e-06,4e-06,3e-06,0.975,0.975,0.991667
29,1,3,4,2,4,1.6e-05,1.1e-05,9e-06,1.0,1.0,1.0
29,1,3,1,0,4,0.000214,0.025684,0.025496,0.967347,0.467347,0.461224
29,1,3,0,2,4,52.201847,1.953414,18.713047,0.07646,0.12919,0.20452
29,1,3,2,2,4,2.594748,41.242989,37.714512,0.501832,0.122955,0.142002
30,1,4,3,0,4,3e-06,3e-06,3e-06,0.991667,0.991667,0.991667
30,1,4,0,2,4,4.1707,1.411546,0.585446,0.149906,0.20904,0.320339
30,1,4,1,0,4,0.000121,0.001168,0.001261,0.955102,0.516326,0.518367
30,1,4,4,2,4,2e-06,2e-06,2e-06,1.0,1.0,1.0
30,1,4,2,2,4,0.620859,4.180437,0.985811,0.276435,0.192186,0.227839
31,1,5,4,2,4,2e-06,4e-06,3e-06,1.0,1.0,1.0
31,1,5,2,2,4,1.421235,2.298937,1.235234,0.419048,0.314164,0.412698
31,1,5,0,2,4,1.442666,1.25366,0.388844,0.216572,0.235782,0.482109
31,1,5,3,0,4,3e-06,4e-06,2e-06,0.966667,0.966667,0.991667
31,1,5,1,0,4,0.00047,0.000455,0.000454,0.92449,0.763265,0.763265
32,1,6,0,2,4,1.990493,1.6084,0.749464,0.248776,0.306026,0.457627
32,1,6,1,0,4,0.000121,0.000227,0.000226,0.953061,0.816326,0.830612
32,1,6,4,2,4,2e-06,2e-06,2e-06,1.0,1.0,1.0
32,1,6,3,0,4,2e-06,4e-06,3e-06,0.991667,0.991667,1.0
32,1,6,2,2,4,1.211975,3.054057,0.812217,0.427106,0.300855,0.399023
33,1,7,4,2,4,2e-06,4e-06,3e-06,1.0,1.0,1.0
33,1,7,0,2,4,4.050306,10.623542,0.652107,0.167232,0.232392,0.40113
33,1,7,1,0,4,0.000175,0.005581,0.006121,0.942857,0.783673,0.785714
33,1,7,2,2,4,3.493979,3.111064,1.389447,0.456288,0.253724,0.322222
33,1,7,3,0,4,3e-06,2e-06,2e-06,0.991667,0.991667,0.991667
34,1,8,1,0,4,0.000482,0.003709,0.002708,0.957143,0.806122,0.816326
34,1,8,0,2,4,2.715739,1.436217,0.503817,0.211864,0.237665,0.493032
34,1,8,4,2,4,3e-06,3e-06,3e-06,1.0,1.0,1.0
34,1,8,2,2,4,1.854624,2.957765,1.037235,0.472772,0.329548,0.417338
34,1,8,3,0,4,3e-06,4e-06,3e-06,0.925,0.925,1.0
35,1,9,2,2,4,5.417116,2.024402,0.626593,0.466178,0.339438,0.511722
35,1,9,4,2,4,3e-06,2e-06,2e-06,1.0,1.0,1.0
35,1,9,1,0,4,0.000191,0.0003,0.000269,0.946939,0.871429,0.891837
35,1,9,0,2,4,1.182967,1.299407,0.359807,0.224482,0.257439,0.576836
35,1,9,3,0,4,3e-06,4e-06,2e-06,0.933333,0.933333,1.0
36,1,10,4,2,4,2e-06,3e-06,3e-06,1.0,1.0,1.0
36,1,10,0,2,4,1.232152,1.367247,0.479644,0.206026,0.237853,0.449906
36,1,10,1,0,4,0.000317,0.000305,0.000391,0.94898,0.840816,0.834694
36,1,10,2,2,4,1.957081,1.676684,1.437089,0.485104,0.2663,0.392674
36,1,10,3,0,4,4e-06,2e-06,2e-06,0.991667,0.991667,1.0
37,1,11,4,2,4,3e-06,4e-06,4e-06,1.0,1.0,1.0
37,1,11,3,0,4,2e-06,4e-06,2e-06,0.991667,0.991667,0.991667
37,1,11,2,2,4,1.551098,2.048682,0.708991,0.42735,0.336142,0.426007
37,1,11,0,2,4,1.20083,1.174742,0.458163,0.231073,0.2371,0.49209
37,1,11,1,0,4,0.001793,0.000227,0.000175,0.946939,0.795918,0.8
38,1,12,4,2,4,3e-06,2e-06,3e-06,1.0,1.0,1.0
38,1,12,1,0,4,0.000351,0.000203,0.000203,0.946939,0.84898,0.855102
38,1,12,2,2,4,1.461811,1.621361,0.994975,0.491453,0.33199,0.476923
38,1,12,0,2,4,1.145884,1.335035,0.36937,0.210358,0.214124,0.526554
38,1,12,3,0,4,3e-06,3e-06,2e-06,0.991667,0.991667,1.0
39,1,13,1,0,4,0.000396,0.000367,0.000388,0.934694,0.804082,0.802041
39,1,13,3,0,4,4e-06,5e-06,4e-06,0.991667,1.0,0.991667
39,1,13,2,2,4,0.591538,1.581006,1.087507,0.484738,0.269719,0.342613
39,1,13,4,2,4,3e-06,3e-06,3e-06,1.0,1.0,1.0
39,1,13,0,2,4,1.322182,1.412444,0.722583,0.204896,0.257062,0.423917
40,1,14,0,2,4,1.154871,1.163632,0.506165,0.234652,0.26629,0.493974
40,1,14,1,0,4,0.000746,0.000926,0.001017,0.918367,0.797959,0.777551
40,1,14,4,2,4,2e-06,2e-06,3e-06,1.0,1.0,1.0
40,1,14,2,2,4,0.94576,1.896007,1.055363,0.427839,0.299756,0.400488
40,1,14,3,0,4,2e-06,4e-06,3e-06,0.966667,0.966667,0.991667
41,1,15,2,2,4,1.317886,3.177699,0.928138,0.448962,0.264713,0.333944
41,1,15,1,0,4,0.000151,0.00022,0.000208,0.916327,0.730612,0.72449
41,1,15,3,0,4,2e-06,3e-06,2e-06,0.925,0.925,0.991667
41,1,15,4,2,4,3e-06,3e-06,3e-06,1.0,1.0,1.0
41,1,15,0,2,4,0.862982,1.192284,0.605756,0.215631,0.244444,0.396234
42,1,16,4,2,4,3e-06,2e-06,2e-06,1.0,1.0,1.0
42,1,16,3,0,4,3e-06,3e-06,2e-06,0.983333,0.983333,0.991667
42,1,16,2,2,4,0.801833,2.506205,1.020364,0.450916,0.282784,0.372283
42,1,16,1,0,4,0.000118,0.001027,0.001022,0.922449,0.765306,0.767347
42,1,16,0,2,4,1.66029,1.270607,0.448232,0.153672,0.196045,0.47081
43,1,17,4,2,4,3e-06,2e-06,2e-06,1.0,1.0,1.0
43,1,17,0,2,4,1.064975,1.440805,0.321956,0.211864,0.234087,0.526554
43,1,17,1,0,4,0.000381,0.000276,0.000281,0.932653,0.787755,0.793878
43,1,17,3,0,4,2e-06,2e-06,2e-06,0.991667,0.991667,0.991667
43,1,17,2,2,4,2.16316,1.753455,0.556036,0.398291,0.310256,0.443346
44,1,18,1,0,4,0.000723,0.000812,0.000749,0.944898,0.84898,0.846939
44,1,18,2,2,4,2.334748,2.072606,0.726601,0.371306,0.301099,0.399634
44,1,18,3,0,4,2e-06,3e-06,2e-06,0.916667,0.916667,1.0
44,1,18,4,2,4,2e-06,3e-06,4e-06,1.0,1.0,1.0
44,1,18,0,2,4,0.919333,0.996578,0.457702,0.218644,0.283051,0.49209
45,1,19,4,2,4,2e-06,2e-06,2e-06,1.0,1.0,1.0
45,1,19,1,0,4,0.000116,0.000657,0.000566,0.942857,0.855102,0.853061
45,1,19,3,0,4,3e-06,4e-06,3e-06,1.0,1.0,1.0
45,1,19,0,2,4,1.177235,1.143756,0.312946,0.180414,0.211111,0.49887
45,1,19,2,2,4,1.456023,2.273707,0.545356,0.394017,0.265568,0.45873
46,1,20,3,0,4,2e-06,2e-06,2e-06,0.983333,0.983333,1.0
46,1,20,0,2,4,0.910775,1.083859,0.314092,0.191149,0.229755,0.527872
46,1,20,2,2,4,1.670167,2.620889,0.545526,0.35812,0.279487,0.440537
46,1,20,1,0,4,0.000191,0.000239,0.000238,0.955102,0.84898,0.846939
46,1,20,4,2,4,2e-06,2e-06,2e-06,1.0,1.0,1.0
47,1,21,0,2,4,2.556172,1.009806,0.536701,0.163277,0.216572,0.431827
47,1,21,2,2,4,0.759993,6.937654,2.695317,0.339194,0.195482,0.314896
47,1,21,1,0,4,0.000321,0.001099,0.001316,0.885714,0.728572,0.759184
47,1,21,3,0,4,3e-06,4e-06,3e-06,0.983333,0.983333,0.991667
47,1,21,4,2,4,3e-06,2e-06,2e-06,1.0,1.0,1.0
48,1,22,0,2,4,2.327156,0.993123,0.546646,0.149341,0.211488,0.387006
48,1,22,3,0,4,3e-06,2e-06,2e-06,0.933333,0.941667,0.991667
48,1,22,1,0,4,0.000133,0.001277,0.001358,0.920408,0.755102,0.722449
48,1,22,2,2,4,0.678338,2.68961,1.129243,0.266178,0.195727,0.273748
48,1,22,4,2,4,2e-06,3e-06,3e-06,1.0,1.0,1.0
49,1,23,1,0,4,0.000911,0.000548,0.000604,0.838775,0.734694,0.8
49,1,23,2,2,4,1.84685,2.656282,0.931511,0.326252,0.237729,0.392552
49,1,23,4,2,4,3e-06,4e-06,3e-06,1.0,1.0,1.0
49,1,23,0,2,4,1.358348,1.272447,0.502391,0.167985,0.213559,0.447646
49,1,23,3,0,4,2e-06,2e-06,2e-06,0.991667,1.0,0.991667
50,1,24,2,2,4,2.613179,3.738821,1.562019,0.36398,0.194017,0.289255
50,1,24,4,2,4,2e-06,2e-06,2e-06,1.0,1.0,1.0
50,1,24,3,0,4,5e-06,4e-06,2e-06,0.958333,0.966667,0.991667
50,1,24,0,2,4,1.104959,1.612886,0.514196,0.179284,0.238418,0.374953
50,1,24,1,0,4,0.000277,0.000454,0.000466,0.92449,0.712245,0.716327
51,2,0,4,1,4,3.053363,2.57222,1.035028,0.173546,0.136773,0.190244
51,2,0,2,1,4,0.003461,0.000806,0.001274,0.247788,0.397345,0.336283
51,2,0,0,1,4,0.000309,0.000138,0.000207,0.304348,0.33913,0.51087
51,2,0,1,2,4,10.700454,0.831391,0.516538,0.105181,0.104663,0.176166
51,2,0,3,3,4,1.474342,12.771727,1.304642,0.046271,0.067275,0.101979
52,2,1,2,1,4,0.003277,0.000143,7.7e-05,0.297345,0.346903,0.523009
52,2,1,0,1,4,0.000149,0.000129,6.9e-05,0.443478,0.43913,0.628261
52,2,1,1,2,4,0.56215,0.804176,0.123101,0.120207,0.118394,0.319948
52,2,1,3,3,4,13.068444,2.05099,0.587324,0.058295,0.096804,0.256925
52,2,1,4,1,4,0.608028,1.683172,0.849365,0.318762,0.231332,0.310131
53,2,2,2,1,4,0.001849,0.004348,0.002599,0.336283,0.40354,0.552212
53,2,2,3,3,4,1.029889,3.106045,0.645575,0.079604,0.115677,0.293607
53,2,2,1,2,4,0.60316,0.709796,0.3729,0.150259,0.152591,0.350518
53,2,2,4,1,4,2.397327,4.298681,3.370578,0.224203,0.213133,0.320263
53,2,2,0,1,4,2.4e-05,0.000371,7e-05,0.467391,0.504348,0.647826
54,2,3,4,1,4,1.403245,6.144413,1.593912,0.162101,0.15272,0.281238
54,2,3,1,2,4,0.361739,0.004478,0.003471,0.144819,0.138601,0.257254
54,2,3,3,3,4,2.312757,2.927238,0.657197,0.087519,0.11172,0.235769
54,2,3,2,1,4,0.001869,0.000471,0.000357,0.337168,0.49469,0.512389
54,2,3,0,1,4,0.000146,0.000128,0.000117,0.447826,0.454348,0.604348
55,2,4,3,3,4,1.138251,2.507203,0.815567,0.087367,0.108067,0.191172
55,2,4,0,1,4,3.5e-05,4.6e-05,4.1e-05,0.471739,0.456522,0.591304
55,2,4,2,1,4,0.000335,0.000337,0.000286,0.281416,0.366372,0.452212
55,2,4,4,1,4,0.754547,1.502725,0.92632,0.218949,0.17167,0.25272
55,2,4,1,2,4,0.006253,0.008506,0.003823,0.11943,0.128756,0.251813
56,2,5,2,1,4,0.000201,0.000391,0.000392,0.310619,0.426549,0.50531
56,2,5,3,3,4,1.355453,3.841153,0.918806,0.103196,0.133333,0.245205
56,2,5,4,1,4,0.827852,1.652401,1.366579,0.174672,0.218011,0.28349
56,2,5,1,2,4,0.005717,0.290243,0.089798,0.127979,0.13601,0.265026
56,2,5,0,1,4,6.6e-05,0.000344,9.3e-05,0.417391,0.393478,0.65
57,2,6,1,2,4,0.006735,0.006154,0.002196,0.120207,0.139119,0.293264
57,2,6,0,1,4,5.9e-05,0.000126,5.1e-05,0.41087,0.41087,0.684783
57,2,6,4,1,4,0.686693,2.223758,2.054303,0.238274,0.245591,0.310507
57,2,6,3,3,4,1.298715,2.411985,0.894791,0.117047,0.150685,0.25449
57,2,6,2,1,4,0.000245,0.000786,0.000676,0.314159,0.414159,0.500885
58,2,7,0,1,4,5.2e-05,0.0001,3.4e-05,0.415217,0.482609,0.68913
58,2,7,1,2,4,0.001313,0.011466,0.004537,0.124352,0.143005,0.391969
58,2,7,4,1,4,3.449027,4.442702,0.788101,0.169794,0.206567,0.393246
58,2,7,2,1,4,0.000814,0.000817,0.0005,0.364602,0.454867,0.615044
58,2,7,3,3,4,1.022359,4.868562,0.624386,0.132877,0.119939,0.349924
59,2,8,1,2,4,0.002349,0.008711,0.0015,0.145596,0.168135,0.434197
59,2,8,2,1,4,0.000168,0.000463,0.000265,0.340708,0.415929,0.617699
59,2,8,4,1,4,1.022013,1.460644,2.227393,0.205253,0.196435,0.409381
59,2,8,0,1,4,6.9e-05,7.2e-05,4.2e-05,0.571739,0.504348,0.730435
59,2,8,3,3,4,1.345444,2.751225,0.729172,0.10624,0.126788,0.332572
60,2,9,0,1,4,4.7e-05,0.000106,3.6e-05,0.480435,0.373913,0.634783
60,2,9,3,3,4,1.243602,2.74689,0.87606,0.092085,0.133181,0.278691
60,2,9,1,2,4,0.003457,0.008969,0.002666,0.096114,0.126684,0.387565
60,2,9,4,1,4,1.011013,1.744076,1.279951,0.202439,0.163227,0.339587
60,2,9,2,1,4,0.000601,0.001049,0.000848,0.411504,0.439823,0.624779
61,2,10,1,2,4,0.004967,0.004773,0.001374,0.156995,0.124352,0.284456
61,2,10,2,1,4,0.000164,0.000161,0.000212,0.342478,0.430973,0.504425
61,2,10,0,1,4,2.6e-05,5e-05,3e-05,0.386957,0.43913,0.602174
61,2,10,3,3,4,1.662035,1.966547,1.14635,0.101979,0.131963,0.215982
61,2,10,4,1,4,1.666247,2.576321,2.18292,0.188743,0.223265,0.261726
62,2,11,0,1,4,9.2e-05,3.7e-05,2.5e-05,0.443478,0.495652,0.663043
62,2,11,2,1,4,0.00015,0.00029,0.000163,0.300885,0.424779,0.524779
62,2,11,1,2,4,0.005196,0.010381,0.00367,0.140933,0.156736,0.340155
62,2,11,4,1,4,0.91903,1.333386,0.710342,0.186116,0.193996,0.372796
62,2,11,3,3,4,1.295472,2.594525,0.831283,0.131963,0.162405,0.248402
63,2,12,4,1,4,0.79153,1.440204,1.097106,0.207505,0.178424,0.379737
63,2,12,1,2,4,0.008269,0.004868,0.002625,0.162694,0.16114,0.400777
63,2,12,0,1,4,4.1e-05,9.3e-05,5.3e-05,0.582609,0.491304,0.632609
63,2,12,2,1,4,0.000438,0.000141,7.7e-05,0.359292,0.423009,0.587611
63,2,12,3,3,4,1.90614,2.952926,0.811587,0.104718,0.162709,0.311568
64,2,13,0,1,4,2.3e-05,2.8e-05,2.7e-05,0.491304,0.45,0.563044
64,2,13,2,1,4,3.9e-05,4.6e-05,5.6e-05,0.342478,0.464602,0.476991
64,2,13,1,2,4,0.005383,0.011062,0.003485,0.151036,0.168912,0.304663
64,2,13,4,1,4,0.937395,2.205329,1.875742,0.209006,0.187242,0.282364
64,2,13,3,3,4,1.425972,3.123353,1.077605,0.107306,0.145662,0.243227
65,2,14,4,1,4,0.677994,1.257966,1.051058,0.194184,0.234709,0.314447
65,2,14,0,1,4,2.8e-05,3.1e-05,1.9e-05,0.569565,0.504348,0.65
65,2,14,2,1,4,0.000121,0.000185,0.000155,0.333628,0.438053,0.520354
65,2,14,3,3,4,1.649011,2.261943,1.100577,0.100761,0.121309,0.263927
65,2,14,1,2,4,0.003789,0.005068,0.002923,0.159067,0.157254,0.304663
66,2,15,4,1,4,1.132208,3.578496,1.322356,0.166979,0.150094,0.436773
66,2,15,3,3,4,1.309645,1.708992,0.663721,0.123592,0.152968,0.361948
66,2,15,1,2,4,0.005736,0.004478,0.002296,0.139378,0.175389,0.390415
66,2,15,0,1,4,2.4e-05,6.3e-05,2.8e-05,0.432609,0.458696,0.665217
66,2,15,2,1,4,0.00017,0.00026,0.000136,0.365487,0.469027,0.59292
67,2,16,0,1,4,2.7e-05,2.2e-05,3e-05,0.526087,0.528261,0.647826
67,2,16,2,1,4,0.001329,0.000333,0.000243,0.317699,0.404425,0.568142
67,2,16,4,1,4,0.847497,1.219115,1.293016,0.209568,0.219137,0.404878
67,2,16,1,2,4,0.00237,0.00281,0.001664,0.168394,0.165285,0.403368
67,2,16,3,3,4,1.480185,1.902121,0.729021,0.141553,0.175799,0.31933
68,2,17,4,1,4,0.831414,0.892578,0.693073,0.239962,0.222139,0.337899
68,2,17,3,3,4,1.068928,1.431454,1.002228,0.165297,0.191781,0.277169
68,2,17,2,1,4,8.8e-05,5.6e-05,6.8e-05,0.353982,0.502655,0.531858
68,2,17,0,1,4,1.2e-05,2.1e-05,1.2e-05,0.430435,0.491304,0.602174
68,2,17,1,2,4,0.002454,0.003213,0.001,0.174093,0.160622,0.35829
69,2,18,2,1,4,0.000274,6.5e-05,3.4e-05,0.375221,0.455752,0.569912
69,2,18,4,1,4,4.827498,3.161687,1.191998,0.193433,0.180488,0.346529
69,2,18,3,3,4,1.590182,2.886326,1.090151,0.098326,0.131659,0.287367
69,2,18,1,2,4,0.00238,0.004184,0.001808,0.134456,0.154663,0.32228
69,2,18,0,1,4,4.7e-05,3.6e-05,3e-05,0.478261,0.51087,0.586957
70,2,19,3,3,4,1.543769,3.147629,0.866325,0.108524,0.136377,0.321309
70,2,19,1,2,4,0.004573,0.00429,0.001419,0.176166,0.16114,0.388083
70,2,19,2,1,4,0.000153,0.000158,0.000138,0.413274,0.481416,0.60177
70,2,19,0,1,4,2.8e-05,2.9e-05,1.2e-05,0.482609,0.5,0.663044
70,2,19,4,1,4,0.661788,1.360656,0.425637,0.236773,0.245779,0.392871
71,2,20,3,3,4,1.324627,2.532593,0.691762,0.117656,0.152359,0.315373
71,2,20,1,2,4,0.004333,0.016527,0.004317,0.178238,0.167617,0.405959
71,2,20,4,1,4,0.578016,1.38264,0.40367,0.254221,0.233021,0.381613
71,2,20,2,1,4,8e-05,3.7e-05,2e-05,0.275221,0.389381,0.612389
71,2,20,0,1,4,2.2e-05,5.8e-05,2.4e-05,0.469565,0.471739,0.6
72,2,21,2,1,4,0.00017,3.9e-05,3.8e-05,0.377876,0.419469,0.607965
72,2,21,3,3,4,1.826384,3.713803,1.023677,0.110959,0.133181,0.302588
72,2,21,0,1,4,6e-06,1.2e-05,1.1e-05,0.497826,0.554348,0.636957
72,2,21,4,1,4,0.628492,1.234824,0.468985,0.191745,0.235084,0.387805
72,2,21,1,2,4,0.002647,0.009581,0.001624,0.166839,0.205181,0.376943
73,2,22,1,2,4,0.001171,0.003103,0.00095,0.161658,0.173057,0.397668
73,2,22,2,1,4,4.3e-05,0.000114,5.9e-05,0.39292,0.444248,0.623894
73,2,22,4,1,4,0.773884,2.271321,1.01713,0.204503,0.212383,0.385178
73,2,22,3,3,4,1.762286,2.659148,1.111298,0.087976,0.119635,0.322374
73,2,22,0,1,4,1.3e-05,5.1e-05,2.2e-05,0.491304,0.515217,0.693478
74,2,23,3,3,4,1.824192,1.868834,1.030007,0.14277,0.164992,0.283257
74,2,23,2,1,4,0.000153,4.2e-05,3.1e-05,0.352212,0.437168,0.586726
74,2,23,1,2,4,0.001003,0.004749,0.00155,0.140155,0.179016,0.37487
74,2,23,0,1,4,2e-05,3.1e-05,1.7e-05,0.528261,0.545652,0.63913
74,2,23,4,1,4,0.631779,1.160195,0.633152,0.238649,0.208443,0.339024
75,2,24,1,2,4,0.004269,0.002646,0.000951,0.158808,0.168135,0.410622
75,2,24,0,1,4,4.1e-05,2.3e-05,1.7e-05,0.397826,0.447826,0.678261
75,2,24,2,1,4,0.000165,0.000106,9e-05,0.39823,0.435398,0.626549
75,2,24,3,3,4,1.542825,1.975273,0.815236,0.125723,0.171994,0.317808
75,2,24,4,1,4,0.950477,1.256881,0.66332,0.215385,0.226642,0.38349
76,3,0,0,4,4,0.00155,0.009174,0.004832,0.472803,0.30795,0.294142
76,3,0,3,2,4,0.001314,0.002745,0.000696,0.198833,0.165759,0.24786
76,3,0,2,3,4,4.470827,11.648546,1.377375,0.075691,0.085635,0.149862
76,3,0,4,4,4,5.003243,8.536457,3.482529,0.044042,0.085346,0.116667
76,3,0,1,3,4,0.575908,0.694289,0.394429,0.21513,0.140189,0.206619
77,3,1,0,4,4,0.001451,0.668794,0.300971,0.583682,0.340586,0.337238
77,3,1,3,2,4,0.000357,0.000144,8.8e-05,0.241634,0.337354,0.273541
77,3,1,2,3,4,6.130369,3.563258,0.60599,0.099862,0.091575,0.228729
77,3,1,1,3,4,0.698853,0.221236,0.301512,0.211584,0.168085,0.270449
77,3,1,4,4,4,3.041778,6.412483,8.254948,0.073269,0.115378,0.183172
78,3,2,3,2,4,0.000354,0.00043,0.000147,0.380934,0.30428,0.437354
78,3,2,2,3,4,4.842081,6.445776,0.715631,0.096271,0.106354,0.351519
78,3,2,1,3,4,1.610124,0.378411,0.209029,0.110402,0.124586,0.385106
78,3,2,0,4,4,3.980845,3.483208,0.790756,0.304184,0.293305,0.574895
78,3,2,4,4,4,6.014588,9.683932,2.519989,0.088003,0.123591,0.355234
79,3,3,0,4,4,0.00628,0.004117,0.001234,0.475732,0.469456,0.529289
79,3,3,4,4,4,4.333431,3.07048,2.949551,0.077295,0.125926,0.30942
79,3,3,1,3,4,1.228802,0.458318,0.082038,0.110402,0.1,0.445626
79,3,3,3,2,4,9.7e-05,0.000393,0.000202,0.41323,0.344358,0.48716
79,3,3,2,3,4,4.622341,3.960832,0.466837,0.114641,0.106077,0.360497
80,3,4,0,4,4,0.523843,0.001091,0.000451,0.484519,0.441004,0.629707
80,3,4,1,3,4,1.150118,0.404902,0.10306,0.110875,0.122695,0.488889
80,3,4,4,4,4,2.831479,3.613345,2.032137,0.122786,0.165539,0.403784
80,3,4,2,3,4,2.910999,2.99255,0.625039,0.128315,0.132182,0.418923
80,3,4,3,2,4,6.7e-05,0.000401,0.000124,0.459922,0.431128,0.513619
81,3,5,3,2,4,8.5e-05,0.000416,0.000128,0.449805,0.394553,0.517899
81,3,5,4,4,4,4.68666,6.96515,2.404941,0.093881,0.123672,0.387359
81,3,5,1,3,4,1.077737,0.029424,0.002904,0.150118,0.131206,0.51253
81,3,5,0,4,4,0.006883,0.00095,0.000487,0.448954,0.438912,0.616736
81,3,5,2,3,4,1.825076,2.836433,0.603413,0.127348,0.132735,0.434392
82,3,6,3,2,4,0.000522,0.001059,0.000327,0.46537,0.350973,0.394552
82,3,6,0,4,4,2.045378,0.002891,0.000924,0.309205,0.296234,0.506276
82,3,6,2,3,4,3.122968,2.93709,0.938594,0.098066,0.083149,0.321685
82,3,6,4,4,4,3.321867,2.535439,2.50864,0.099919,0.159903,0.308857
82,3,6,1,3,4,1.743449,0.515249,0.366851,0.125768,0.136879,0.34208
83,3,7,2,3,4,2.182497,7.290071,1.085867,0.127072,0.162983,0.332044
83,3,7,4,4,4,5.075163,3.828845,4.881041,0.122947,0.184541,0.290016
83,3,7,0,4,4,2.761424,1.275211,0.618058,0.280753,0.341004,0.442259
83,3,7,1,3,4,1.805489,1.029607,0.337686,0.108747,0.130024,0.393617
83,3,7,3,2,4,0.000192,0.000775,0.000321,0.38716,0.403502,0.421401
84,3,8,3,2,4,0.000226,0.000741,0.000306,0.454475,0.315564,0.403891
84,3,8,0,4,4,1.959903,0.011056,0.002186,0.315063,0.256485,0.456485
84,3,8,2,3,4,4.061217,6.946015,0.975975,0.06768,0.081906,0.317541
84,3,8,4,4,4,3.839282,6.05035,3.937442,0.100161,0.155475,0.263768
84,3,8,1,3,4,1.319133,0.928942,0.32046,0.088889,0.108983,0.406856
85,3,9,1,3,4,0.919487,0.651147,0.145763,0.136879,0.157683,0.549882
85,3,9,3,2,4,0.000261,0.001033,0.00025,0.39572,0.308171,0.537743
85,3,9,4,4,4,3.005617,2.424341,1.611633,0.121498,0.15628,0.420853
85,3,9,2,3,4,3.193503,4.159403,0.568908,0.091298,0.103453,0.472652
85,3,9,0,4,4,0.00601,0.001044,0.000226,0.268619,0.246025,0.597071
86,3,10,1,3,4,0.749134,0.663996,0.241685,0.125532,0.128605,0.395272
86,3,10,2,3,4,3.277671,7.271088,1.002499,0.068232,0.090746,0.264503
86,3,10,3,2,4,0.000168,0.000684,0.000301,0.300389,0.331907,0.361089
86,3,10,4,4,4,2.821191,6.387662,4.569709,0.101932,0.119163,0.228744
86,3,10,0,4,4,0.015268,0.005698,0.000466,0.187866,0.233054,0.364854
87,3,11,0,4,4,0.00444,0.006275,0.000916,0.23682,0.233891,0.545188
87,3,11,4,4,4,5.14776,6.463843,2.29522,0.114412,0.158776,0.366506
87,3,11,2,3,4,6.066614,3.204859,0.706071,0.099724,0.105249,0.42721
87,3,11,1,3,4,1.258585,0.901501,0.145358,0.181087,0.195035,0.523641
87,3,11,3,2,4,9.3e-05,0.000196,8.5e-05,0.421401,0.403891,0.543191
88,3,12,2,3,4,4.37358,3.407175,1.10997,0.095166,0.097238,0.33384
88,3,12,1,3,4,1.11848,1.386681,0.289882,0.128369,0.146099,0.398582
88,3,12,4,4,4,6.900332,5.805499,3.433115,0.096135,0.158776,0.31562
88,3,12,3,2,4,0.000188,0.000379,0.000104,0.34786,0.318288,0.419066
88,3,12,0,4,4,1.320708,0.003696,0.000692,0.319247,0.286192,0.522176
89,3,13,3,2,4,0.000319,0.001726,0.000882,0.429961,0.340467,0.50428
89,3,13,4,4,4,4.24375,4.375926,1.320596,0.105636,0.139533,0.411353
89,3,13,0,4,4,0.009635,0.001352,0.000166,0.264854,0.241004,0.630126
89,3,13,1,3,4,0.934687,1.859151,0.262731,0.155319,0.141608,0.520804
89,3,13,2,3,4,2.915232,4.186027,0.528785,0.071409,0.080939,0.435083
90,3,14,1,3,4,0.789588,0.923032,0.150045,0.138534,0.165721,0.474705
90,3,14,2,3,4,2.166137,2.321477,0.468756,0.117403,0.134392,0.424033
90,3,14,4,4,4,2.422734,5.015988,1.192415,0.126087,0.165378,0.424155
90,3,14,3,2,4,0.000253,0.000505,0.00018,0.401556,0.338132,0.489883
90,3,14,0,4,4,0.014195,0.008259,0.000516,0.283264,0.228033,0.6
91,3,15,4,4,4,2.770173,6.955013,1.225479,0.127295,0.180998,0.354509
91,3,15,3,2,4,0.000426,0.000695,0.000279,0.267704,0.309728,0.437743
91,3,15,2,3,4,2.32348,6.489325,0.748592,0.085912,0.090746,0.372376
91,3,15,0,4,4,0.031552,8.646506,0.254873,0.225941,0.24477,0.592469
91,3,15,1,3,4,1.362412,1.621398,0.362333,0.09078,0.103546,0.444917
92,3,16,1,3,4,0.800731,1.259697,0.265053,0.110638,0.106856,0.471395
92,3,16,3,2,4,0.00013,0.000821,0.000203,0.349805,0.31284,0.480934
92,3,16,2,3,4,2.570016,6.429485,0.844249,0.085497,0.08674,0.364365
92,3,16,0,4,4,0.008823,0.001858,0.000299,0.326778,0.282427,0.566527
92,3,16,4,4,4,2.922606,5.160882,1.687663,0.09219,0.147182,0.351771
93,3,17,4,4,4,3.77743,3.800193,2.283863,0.118438,0.160467,0.348873
93,3,17,1,3,4,1.408777,1.322261,0.229469,0.120095,0.141371,0.479433
93,3,17,0,4,4,0.311091,0.003779,0.00066,0.276569,0.288703,0.496653
93,3,17,2,3,4,2.223318,6.156366,0.787773,0.112155,0.123066,0.359392
93,3,17,3,2,4,0.000127,0.000883,0.000521,0.360311,0.311284,0.468093
94,3,18,3,2,4,8.3e-05,0.000386,0.000122,0.405447,0.296109,0.402335
94,3,18,2,3,4,1.988708,9.701055,0.90683,0.07942,0.102348,0.361326
94,3,18,1,3,4,0.179621,1.374979,0.296897,0.123168,0.134752,0.440662
94,3,18,4,4,4,4.743987,3.965989,1.591701,0.087681,0.147182,0.303462
94,3,18,0,4,4,0.009889,0.001796,0.000463,0.262343,0.215063,0.495816
95,3,19,2,3,4,2.02042,6.545923,0.684323,0.077624,0.084392,0.38826
95,3,19,1,3,4,0.513661,1.835122,0.210385,0.182506,0.185579,0.447518
95,3,19,0,4,4,0.479001,0.002727,0.000359,0.269874,0.235565,0.426778
95,3,19,3,2,4,0.000176,0.00107,0.000256,0.353696,0.351362,0.440856
95,3,19,4,4,4,3.556265,3.926693,3.917643,0.082126,0.11409,0.292834
96,3,20,1,3,4,1.17608,4.320508,0.497005,0.129078,0.125768,0.450827
96,3,20,3,2,4,8.6e-05,0.001217,0.000385,0.344747,0.306226,0.461089
96,3,20,0,4,4,0.007689,0.004747,0.001279,0.256904,0.233054,0.413807
96,3,20,4,4,4,5.008148,6.7664,3.60057,0.075604,0.112882,0.290258
96,3,20,2,3,4,2.593091,13.882891,0.904118,0.065608,0.078591,0.371547
97,3,21,2,3,4,3.600597,16.480724,1.388496,0.076381,0.094061,0.316436
97,3,21,0,4,4,0.017272,0.007907,0.001795,0.321339,0.253556,0.418828
97,3,21,4,4,4,5.356758,7.984713,2.922172,0.080274,0.133333,0.28277
97,3,21,3,2,4,8e-05,0.001038,0.000263,0.324514,0.270428,0.392218
97,3,21,1,3,4,1.438669,2.511315,0.403089,0.116076,0.132388,0.418676
98,3,22,0,4,4,1.067668,0.111286,0.004718,0.231381,0.167782,0.398326
98,3,22,1,3,4,0.482931,2.867732,0.41043,0.095745,0.113239,0.403546
98,3,22,4,4,4,4.769263,5.54763,2.588318,0.077858,0.12504,0.249678
98,3,22,3,2,4,0.000253,0.000633,0.000336,0.372374,0.331907,0.415175
98,3,22,2,3,4,2.58879,7.841146,1.045151,0.078867,0.084807,0.300967
99,3,23,1,3,4,0.922664,4.777185,0.617017,0.084397,0.086052,0.395981
99,3,23,4,4,4,3.698906,4.099657,1.558952,0.077375,0.138164,0.327214
99,3,23,0,4,4,1.506773,0.019139,0.001231,0.264435,0.242259,0.538494
99,3,23,3,2,4,9.5e-05,0.000486,0.000145,0.436576,0.328016,0.412451
99,3,23,2,3,4,2.722339,10.553331,1.433329,0.095166,0.096409,0.308425
100,3,24,4,4,4,4.065063,5.910993,1.242286,0.114815,0.154589,0.373833
100,3,24,0,4,4,1.091664,0.003089,0.000618,0.336402,0.354812,0.605021
100,3,24,3,2,4,0.000108,0.001528,0.000397,0.384825,0.338132,0.487938
100,3,24,1,3,4,0.856616,3.571217,0.508767,0.096927,0.106383,0.476596
100,3,24,2,3,4,2.778476,12.8341,0.862811,0.088812,0.100552,0.367956
101,4,0,3,4,4,0.000171,0.000291,9.8e-05,0.408197,0.626229,0.486885
101,4,0,0,3,4,2e-06,3e-06,3e-06,0.914286,0.842857,0.842857
101,4,0,1,4,4,3e-05,4.2e-05,2.9e-05,0.428571,0.514286,0.577143
101,4,0,2,4,4,0.188021,3.000258,2.742278,0.836407,0.133333,0.142553
102,4,1,1,4,4,0.000198,0.000582,0.000419,0.294286,0.38,0.537143
102,4,1,2,4,4,0.8019,9.257745,9.728546,0.724586,0.134988,0.134043
102,4,1,0,3,4,3e-06,3e-06,4e-06,0.892857,0.842857,0.814286
102,4,1,3,4,4,0.000194,0.000645,0.000266,0.8,0.421311,0.465574
103,4,2,0,3,4,1e-06,2e-06,2e-06,0.907143,0.9,0.892857
103,4,2,1,4,4,8e-05,0.000192,8.4e-05,0.737143,0.694286,0.717143
103,4,2,2,4,4,0.889167,12.168181,11.298414,0.771631,0.296927,0.319149
103,4,2,3,4,4,0.000935,0.002284,0.002767,0.481967,0.706557,0.606557
104,4,3,3,4,4,0.001591,0.002695,0.001754,0.716393,0.260656,0.278689
104,4,3,2,4,4,1.287002,24.629755,26.355398,0.809456,0.101182,0.101182
104,4,3,0,3,4,4e-06,5e-06,3e-06,0.871429,0.785714,0.807143
104,4,3,1,4,4,0.000551,4e-06,5.6e-05,0.34,0.448571,0.617143
105,4,4,2,4,4,0.364229,7.118674,5.395352,0.777778,0.096454,0.105674
105,4,4,3,4,4,6.4e-05,1.4e-05,4.8e-05,0.270492,0.519672,0.398361
105,4,4,1,4,4,9e-06,1.3e-05,9e-06,0.757143,0.508571,0.545714
105,4,4,0,3,4,2e-06,1.5e-05,1e-06,0.764286,0.721429,0.778571
106,4,5,1,4,4,7.3e-05,5e-06,1.9e-05,0.285714,0.437143,0.468571
106,4,5,3,4,4,3e-06,2.7e-05,1.1e-05,0.619672,0.318033,0.391803
106,4,5,2,4,4,0.02005,0.508716,0.563552,0.866903,0.198345,0.186998
106,4,5,0,3,4,2e-06,3e-06,3e-06,0.957143,0.842857,0.857143
107,4,6,3,4,4,2.8e-05,0.000134,2.4e-05,0.313115,0.542623,0.42459
107,4,6,2,4,4,0.021656,0.588084,0.394745,0.811584,0.175414,0.177069
107,4,6,0,3,4,9e-06,6e-06,7e-06,0.935714,0.771429,0.742857
107,4,6,1,4,4,3e-06,4e-06,3e-06,0.705714,0.617143,0.591429
108,4,7,3,4,4,3.7e-05,0.001036,0.000232,0.621311,0.331148,0.404918
108,4,7,0,3,4,4e-06,9e-06,7e-06,0.964286,0.857143,0.857143
108,4,7,2,4,4,0.119043,1.061951,1.751019,0.634988,0.162175,0.147281
108,4,7,1,4,4,2.220577,5e-06,7e-06,0.288571,0.248571,0.611429
109,4,8,3,4,4,0.001552,0.000295,0.000109,0.313115,0.601639,0.383607
109,4,8,1,4,4,3e-06,5e-06,5e-06,0.74,0.614286,0.58
109,4,8,2,4,4,0.033198,5.586355,5.184311,0.861466,0.169267,0.170922
109,4,8,0,3,4,3e-06,4e-06,2e-06,0.885714,0.885714,0.907143
110,4,9,1,4,4,0.000882,0.00012,4e-05,0.277143,0.328571,0.517143
110,4,9,2,4,4,0.375505,7.976105,8.001603,0.760993,0.142317,0.147991
110,4,9,3,4,4,0.000459,0.000673,0.000513,0.696721,0.5,0.463934
110,4,9,0,3,4,3e-06,4e-06,3e-06,0.95,0.821429,0.85
111,4,10,0,3,4,5e-06,5e-06,6e-06,0.892857,0.842857,0.842857
111,4,10,2,4,4,0.265361,5.066586,4.73677,0.896927,0.098582,0.098345
111,4,10,3,4,4,0.000209,0.000448,0.000398,0.286885,0.555738,0.355738
111,4,10,1,4,4,1.5e-05,3e-06,5e-06,0.594286,0.642857,0.511429
112,4,11,3,4,4,0.000179,0.000118,6.6e-05,0.65082,0.385246,0.480328
112,4,11,2,4,4,0.114698,1.846699,1.651434,0.846572,0.216548,0.213948
112,4,11,0,3,4,2e-06,6e-06,6e-06,0.935714,0.842857,0.85
112,4,11,1,4,4,3.402745,6e-06,1.6e-05,0.24,0.245714,0.591429
113,4,12,0,3,4,1.7e-05,8e-06,1.1e-05,0.971429,0.778571,0.764286
113,4,12,2,4,4,0.06453,1.851917,1.754175,0.88818,0.148463,0.149645
113,4,12,3,4,4,4.4e-05,0.000115,0.000266,0.301639,0.636066,0.37377
113,4,12,1,4,4,1.6e-05,4e-06,3e-06,0.56,0.631429,0.502857
114,4,13,0,3,4,2e-06,1.3e-05,1e-05,0.928571,0.771429,0.8
114,4,13,2,4,4,0.114483,8.827177,9.343374,0.830024,0.098818,0.098582
114,4,13,1,4,4,2.527743,0.000117,6.6e-05,0.285714,0.36,0.5
114,4,13,3,4,4,2.9e-05,0.001926,0.00049,0.711475,0.334426,0.311475
115,4,14,2,4,4,0.711814,9.200274,8.724042,0.795745,0.125059,0.128605
115,4,14,0,3,4,1.5e-05,6e-06,7e-06,0.942857,0.857143,0.9
115,4,14,3,4,4,0.006884,0.00111,0.0007,0.244262,0.552459,0.301639
115,4,14,1,4,4,4.4e-05,1.8e-05,5.4e-05,0.548571,0.588571,0.525714
116,4,15,1,4,4,4.38987,1.7e-05,7.1e-05,0.302857,0.254286,0.474286
116,4,15,2,4,4,0.482852,3.9925,3.527184,0.670686,0.142553,0.145863
116,4,15,3,4,4,0.000182,0.000473,0.000147,0.670492,0.360656,0.345902
116,4,15,0,3,4,6e-06,2.1e-05,1.8e-05,0.964286,0.828571,0.821429
117,4,16,2,4,4,1.197996,4.158777,3.928865,0.785816,0.126714,0.128369
117,4,16,3,4,4,0.000431,6.7e-05,0.000538,0.201639,0.498361,0.260656
117,4,16,0,3,4,2.3e-05,2.2e-05,3.3e-05,0.835714,0.728571,0.7
117,4,16,1,4,4,7.1e-05,3e-06,1.1e-05,0.554286,0.622857,0.477143
118,4,17,0,3,4,1e-06,7e-06,6e-06,0.885714,0.771429,0.735714
118,4,17,1,4,4,2.704382,3.2e-05,7e-06,0.368571,0.385714,0.537143
118,4,17,2,4,4,0.04241,1.656705,1.689819,0.739716,0.1513,0.15461
118,4,17,3,4,4,2.7e-05,0.00048,0.00011,0.698361,0.355738,0.367213
119,4,18,1,4,4,1.6e-05,1.1e-05,1.1e-05,0.728571,0.468571,0.508571
119,4,18,2,4,4,0.027157,0.372572,0.338054,0.878723,0.17234,0.164775
119,4,18,3,4,4,3.5e-05,0.000204,7.9e-05,0.298361,0.577049,0.383607
119,4,18,0,3,4,5e-06,4e-06,6e-06,0.892857,0.792857,0.764286
120,4,19,1,4,4,0.073475,9e-06,5.6e-05,0.331429,0.331429,0.437143
120,4,19,2,4,4,0.146309,3.470235,2.728369,0.740426,0.122695,0.129787
120,4,19,3,4,4,0.000109,0.002613,0.00147,0.786885,0.37377,0.331148
120,4,19,0,3,4,5e-06,9e-06,9e-06,0.921429,0.771429,0.735714
121,4,20,1,4,4,0.00015,1.2e-05,1.6e-05,0.514286,0.517143,0.562857
121,4,20,3,4,4,5.7e-05,0.000522,0.000185,0.296721,0.436066,0.426229
121,4,20,2,4,4,0.194139,2.440196,2.701556,0.852719,0.183452,0.177778
121,4,20,0,3,4,2.5e-05,1.2e-05,1.6e-05,0.921429,0.928571,0.878571
122,4,21,2,4,4,0.207912,2.203372,2.404309,0.817494,0.223641,0.221749
122,4,21,3,4,4,3.9e-05,6.5e-05,4.3e-05,0.745902,0.481967,0.504918
122,4,21,0,3,4,7e-06,1.3e-05,1.1e-05,0.964286,0.835714,0.842857
122,4,21,1,4,4,3.613082,4.7e-05,3.9e-05,0.32,0.385714,0.517143
123,4,22,0,3,4,1.7e-05,9e-06,1.5e-05,0.928571,0.792857,0.778571
123,4,22,3,4,4,0.000624,0.000294,0.000107,0.185246,0.478689,0.260656
123,4,22,2,4,4,0.705025,4.654694,4.67996,0.815367,0.110165,0.107801
123,4,22,1,4,4,0.000178,1.6e-05,0.000112,0.631429,0.568571,0.542857
124,4,23,1,4,4,3.763702,2e-05,5e-05,0.322857,0.271429,0.534286
124,4,23,2,4,4,0.228413,4.725937,4.329877,0.825059,0.111584,0.109693
124,4,23,0,3,4,1.4e-05,1.9e-05,2.5e-05,0.892857,0.742857,0.8
124,4,23,3,4,4,1.4e-05,0.00088,0.000606,0.8,0.257377,0.263934
125,4,24,0,3,4,1.9e-05,7e-06,1.8e-05,0.921429,0.742857,0.721429
125,4,24,3,4,4,6.4e-05,0.000471,0.000128,0.237705,0.506557,0.280328
125,4,24,1,4,4,0.000245,1.6e-05,3.4e-05,0.571429,0.585714,0.482857
125,4,24,2,4,4,0.656832,3.042392,3.393131,0.778723,0.094563,0.090307
